Round,Total_Wall_Clock_Sec,Train_Loss,Test_Accuracy
1,32.66473695572549,2.294146557998657,13.7
2,64.91041373460723,1.422751877117157,52.78
3,95.47979010361883,0.9178204824129741,74.31
4,128.1779696113544,0.7678883886933326,76.11
5,158.6001158661166,0.688167877582709,78.93
6,190.41265144809313,0.6111596750398477,79.6
7,222.04109793248313,0.5210027278602123,84.32
8,252.93759075575588,0.503835236877203,84.68
9,285.94041066982345,0.49357370766401293,84.64
10,318.56188703749046,0.48926792116562523,85.36
11,350.0928459617711,0.5356075525780519,85.76
12,381.03174602646016,0.4741261676589648,85.73
13,413.2035562877965,0.46731378569503623,86.32
14,444.3196689001493,0.3998930385142565,87.82
15,474.4661012947328,0.41300836377590894,87.38
16,506.36793253241717,0.4118789219501118,87.86
17,538.1416235282767,0.43641112050314745,87.49
18,569.393755912474,0.3838371519196779,87.99
19,601.52943905949,0.3715479638800025,88.39
20,632.1901224876985,0.38918608337789773,87.65
